<?xml version="1.0" encoding="UTF-8"?>
<project-private xmlns="http://www.netbeans.org/ns/project-private/1">
    <editor-bookmarks xmlns="http://www.netbeans.org/ns/editor-bookmarks/2" lastBookmarkId="0"/>
    <open-files xmlns="http://www.netbeans.org/ns/projectui-open-files/2">
        <group>
            <file>file:/C:/JAVA/oop_Project_group2/src/BuyTicket/Seats/day1.txt</file>
            <file>file:/C:/JAVA/oop_Project_group2/src/BuyTicket/PageBuyTicket.java</file>
            <file>file:/C:/JAVA/oop_Project_group2/src/BuyTicket/day/day1.txt</file>
            <file>file:/C:/JAVA/oop_Project_group2/src/Menu/MenuCinema.java</file>
            <file>file:/C:/JAVA/oop_Project_group2/src/BuyTicket/Seats/day2.txt</file>
            <file>file:/C:/JAVA/oop_Project_group2/src/EditMovie/PageDeleteMovieTime.java</file>
            <file>file:/C:/JAVA/oop_Project_group2/build/classes/.netbeans_update_resources</file>
            <file>file:/C:/JAVA/oop_Project_group2/src/BuyTicket/day/day2.txt</file>
            <file>file:/C:/JAVA/oop_Project_group2/src/BuyTicket/day/day7.txt</file>
            <file>file:/C:/JAVA/oop_Project_group2/.project</file>
            <file>file:/C:/JAVA/oop_Project_group2/src/EditMovie/PageAddMovie.java</file>
            <file>file:/C:/JAVA/oop_Project_group2/src/MainCinema.java</file>
            <file>file:/C:/JAVA/oop_Project_group2/.classpath</file>
            <file>file:/C:/JAVA/oop_Project_group2/src/EditMovie/NameMovie.txt</file>
            <file>file:/C:/JAVA/oop_Project_group2/build/classes/.netbeans_automatic_build</file>
        </group>
    </open-files>
</project-private>
